"method","config","stage","T1","T2","eta_scale","q","median_rmse","mean_rmse","sd_rmse","iqr_rmse","min_rmse","max_rmse","median_mae","mean_mae","median_r2","mean_r2","fail_rate","n_repeats","n_folds_total","median_s","median_nonzero","tuned_k1_counts","K1_values","K2_values"
"TS-RIGHT-TUNED","TS tuned K1cap in {2,5,15,25}, T1=100, T2=4, eta=0.5/L","after_stage2",100,4,0.5,0.4,0.804277090687648,0.827977372176904,0.184707326424999,0.270759152508145,0.540231779971001,1.32629452449608,0.53396033346555,0.539378387583454,0.228194735299438,0.203010325665652,0,20,100,17.5,17.5,"K1=2(38 times) | K1=5(10 times) | K1=15(20 times) | K1=25(32 times)","2,5,15,25","2"
"TS-RIGHT-TUNED","TS tuned K1cap in {2,5,15,25}, T1=90, T2=4, eta=0.5/L","after_stage2",90,4,0.5,0.4,0.804882526943092,0.828300537257104,0.185164351947327,0.270507799037451,0.538982329311721,1.34061880923607,0.529868600533691,0.538800500440806,0.230262010362846,0.202693067333529,0,20,100,17.5,17.5,"K1=2(39 times) | K1=5(10 times) | K1=15(23 times) | K1=25(28 times)","2,5,15,25","2"
"TS-RIGHT-TUNED","TS tuned K1cap in {2,5,15,25}, T1=80, T2=4, eta=0.5/L","after_stage2",80,4,0.5,0.4,0.806557705041151,0.828398625081852,0.184985409709719,0.267080739835003,0.540474743949623,1.33366485172545,0.532297081140901,0.539277155491343,0.229752569240994,0.202390984571795,0,20,100,17.5,17.5,"K1=2(39 times) | K1=5(12 times) | K1=15(23 times) | K1=25(26 times)","2,5,15,25","2"
"TS-RIGHT-TUNED","TS tuned K1cap in {2,5,15,25}, T1=40, T2=4, eta=0.5/L","after_stage2",40,4,0.5,0.4,0.807752043089013,0.828849611011635,0.186067600207793,0.257552367768881,0.537871715669688,1.33445696049649,0.530730238268276,0.534707233117662,0.233566418873193,0.202524005958966,0,20,100,17.5,17.5,"K1=2(43 times) | K1=5(12 times) | K1=15(23 times) | K1=25(22 times)","2,5,15,25","2"
"TS-RIGHT-TUNED","TS tuned K1cap in {2,5,15,25}, T1=20, T2=4, eta=0.5/L","after_stage2",20,4,0.5,0.4,0.808111577852051,0.833067328718816,0.189644047139851,0.266358842532801,0.533086415698519,1.35042304613618,0.532308442246626,0.532075208905757,0.222217435383785,0.196463385433272,0,20,100,17.5,17.5,"K1=2(49 times) | K1=5(12 times) | K1=15(20 times) | K1=25(19 times)","2,5,15,25","2"
"TS-RIGHT-TUNED","TS tuned K1cap in {2,5,15,25}, T1=30, T2=4, eta=0.5/L","after_stage2",30,4,0.5,0.4,0.808514838475943,0.830295717904098,0.187029876299405,0.266525856944208,0.533158411839628,1.34084648989543,0.531531062574938,0.533476377130968,0.229272034379034,0.200391647097108,0,20,100,17.5,17.5,"K1=2(45 times) | K1=5(15 times) | K1=15(20 times) | K1=25(20 times)","2,5,15,25","2"
"TS-RIGHT-TUNED","TS tuned K1cap in {2,5,15,25}, T1=50, T2=4, eta=0.5/L","after_stage2",50,4,0.5,0.4,0.808854627162038,0.827831112060754,0.185593427587817,0.259987738455123,0.537804946333904,1.3299968577473,0.532556066522218,0.535713589939891,0.233558306756124,0.204318393755867,0,20,100,17.5,17.5,"K1=2(41 times) | K1=5(11 times) | K1=15(25 times) | K1=25(23 times)","2,5,15,25","2"
"TS-RIGHT-TUNED","TS tuned K1cap in {2,5,15,25}, T1=70, T2=4, eta=0.5/L","after_stage2",70,4,0.5,0.4,0.809164045249166,0.828183592559801,0.184925319711526,0.263730252319285,0.539436770775731,1.33367628164345,0.531161689932459,0.537779811471702,0.229486579914248,0.202985279927536,0,20,100,17.5,17.5,"K1=2(40 times) | K1=5(11 times) | K1=15(24 times) | K1=25(25 times)","2,5,15,25","2"
"TS-RIGHT-TUNED","TS tuned K1cap in {2,5,15,25}, T1=60, T2=4, eta=0.5/L","after_stage2",60,4,0.5,0.4,0.810090717351425,0.827849815340127,0.185414406470981,0.265231970439595,0.538407323591512,1.3344937809383,0.53471512235462,0.536965569256411,0.231774980046316,0.203946859156349,0,20,100,17.5,17.5,"K1=2(40 times) | K1=5(12 times) | K1=15(27 times) | K1=25(21 times)","2,5,15,25","2"
"TS-RIGHT-TUNED","TS tuned K1cap in {2,5,15,25}, T1=10, T2=4, eta=0.5/L","after_stage2",10,4,0.5,0.4,0.817699867583165,0.839699738106782,0.194617118270804,0.275239675565723,0.53315061989694,1.37559700746603,0.528337856794987,0.53063588608522,0.208198356147129,0.186011238359752,0,20,100,17.5,17.5,"K1=2(53 times) | K1=5(14 times) | K1=15(14 times) | K1=25(19 times)","2,5,15,25","2"
"TS-RIGHT-TUNED","TS tuned K1cap in {2,5,15,25}, T1=0, T2=4, eta=0.5/L","after_stage2",0,4,0.5,0.4,0.856102390819284,0.872126451855106,0.21843758819237,0.314333888588271,0.522800316938532,1.47343489172133,0.526626574894761,0.531211757888385,0.141331151703248,0.132109988370181,0,20,100,17.5,17.5,"K1=2(100 times)","2","2"
"TS-RIGHT-TUNED","TS tuned K1cap in {2,5,15,25}, T1=20, T2=4, eta=0.5/L","stage1_only",20,4,0.5,0.4,0.81942683810211,0.833865651303832,0.201380803178303,0.303222715536161,0.495275921957686,1.3767979205784,0.520560998204901,0.528143392143062,0.203603138067103,0.204075568289205,0,20,100,17.5,17.5,"K1=2(53 times) | K1=5(18 times) | K1=15(14 times) | K1=25(15 times)","2,5,15,25","2"
"TS-RIGHT-TUNED","TS tuned K1cap in {2,5,15,25}, T1=30, T2=4, eta=0.5/L","stage1_only",30,4,0.5,0.4,0.822725045966973,0.831421751282144,0.198648743480905,0.297476702853665,0.501465136214016,1.37599712772716,0.522679614811201,0.529319086559499,0.20667894380551,0.207184549890612,0,20,100,17.5,17.5,"K1=2(48 times) | K1=5(18 times) | K1=15(18 times) | K1=25(16 times)","2,5,15,25","2"
"TS-RIGHT-TUNED","TS tuned K1cap in {2,5,15,25}, T1=40, T2=4, eta=0.5/L","stage1_only",40,4,0.5,0.4,0.826479308932945,0.830415530609029,0.19713251762698,0.293531691648053,0.506409299246611,1.37600590131933,0.523054251659905,0.530974963942985,0.206701231788266,0.208110404798626,0,20,100,17.5,17.5,"K1=2(46 times) | K1=5(18 times) | K1=15(18 times) | K1=25(18 times)","2,5,15,25","2"
"TS-RIGHT-TUNED","TS tuned K1cap in {2,5,15,25}, T1=100, T2=4, eta=0.5/L","stage1_only",100,4,0.5,0.4,0.828787663585246,0.831677033097097,0.194856468045107,0.289815863637264,0.522040621793611,1.35686678698931,0.529911686051181,0.536510749654517,0.204896238823346,0.203406339377701,0,20,100,17.5,17.5,"K1=2(43 times) | K1=5(13 times) | K1=15(23 times) | K1=25(21 times)","2,5,15,25","2"
"TS-RIGHT-TUNED","TS tuned K1cap in {2,5,15,25}, T1=50, T2=4, eta=0.5/L","stage1_only",50,4,0.5,0.4,0.828889965006183,0.830084384389339,0.196284006929227,0.286600808907408,0.510164543380887,1.37379158739137,0.52666266227108,0.531791482413865,0.208197035903986,0.208125309318883,0,20,100,17.5,17.5,"K1=2(45 times) | K1=5(17 times) | K1=15(23 times) | K1=25(15 times)","2,5,15,25","2"
"TS-RIGHT-TUNED","TS tuned K1cap in {2,5,15,25}, T1=90, T2=4, eta=0.5/L","stage1_only",90,4,0.5,0.4,0.829026597794799,0.831527867921824,0.194960013667237,0.283219982301858,0.520151781109999,1.35855636240796,0.532828744089528,0.536060951227168,0.206873359100249,0.20397834871314,0,20,100,17.5,17.5,"K1=2(42 times) | K1=5(15 times) | K1=15(23 times) | K1=25(20 times)","2,5,15,25","2"
"TS-RIGHT-TUNED","TS tuned K1cap in {2,5,15,25}, T1=80, T2=4, eta=0.5/L","stage1_only",80,4,0.5,0.4,0.829199896503602,0.831067006089538,0.195184195973976,0.283655197643825,0.51794470340392,1.35935902950374,0.533028523482999,0.535463342956985,0.20722121443715,0.20520476837399,0,20,100,17.5,17.5,"K1=2(43 times) | K1=5(15 times) | K1=15(21 times) | K1=25(21 times)","2,5,15,25","2"
"TS-RIGHT-TUNED","TS tuned K1cap in {2,5,15,25}, T1=70, T2=4, eta=0.5/L","stage1_only",70,4,0.5,0.4,0.829668945874653,0.830579790695881,0.195380209248578,0.284628251099936,0.515837126188546,1.36490721030234,0.531632890532284,0.534579657094038,0.207531817651672,0.206384929667206,0,20,100,17.5,17.5,"K1=2(46 times) | K1=5(13 times) | K1=15(20 times) | K1=25(21 times)","2,5,15,25","2"
"TS-RIGHT-TUNED","TS tuned K1cap in {2,5,15,25}, T1=60, T2=4, eta=0.5/L","stage1_only",60,4,0.5,0.4,0.829866161028838,0.830154044670613,0.195779933694829,0.286128480536892,0.513460793193264,1.37047448538021,0.530316123716679,0.533206316123265,0.21208739285661,0.207566880559079,0,20,100,17.5,17.5,"K1=2(45 times) | K1=5(15 times) | K1=15(20 times) | K1=25(20 times)","2,5,15,25","2"
"TS-RIGHT-TUNED","TS tuned K1cap in {2,5,15,25}, T1=10, T2=4, eta=0.5/L","stage1_only",10,4,0.5,0.4,0.830318201343994,0.842443108385137,0.208353068140905,0.314460676113818,0.482188946874727,1.38452400942091,0.516598706427139,0.525154506554392,0.194468486814251,0.19101921322194,0,20,100,17.5,17.5,"K1=2(57 times) | K1=5(21 times) | K1=15(14 times) | K1=25(8 times)","2,5,15,25","2"
"TS-RIGHT-TUNED","TS tuned K1cap in {2,5,15,25}, T1=0, T2=4, eta=0.5/L","stage1_only",0,4,0.5,0.4,0.948624326216683,0.94883728617295,0.246470195431571,0.407706271158578,0.488783048427123,1.54979224465272,0.552043813827839,0.559302318363553,-0.0108407006864494,-0.0160661540628535,0,20,100,17.5,0,"K1=2(100 times)","2","2"
