"config_id","config_signature","s_star","s","s_ref","pilot_rep_id","q","T1","T2","n1","n2","b2","K1","K2","T_fd_budget","cost_proxy","val_loss","eligible","runtime_sec","seed_data","seed_val","seed_algo","error_message"
"E__linear_s_sweep_n3200_p600_sstar15_s30_h22b3e21d","experiment_id=E2_linear_s_sweep||model=linear||n=3200||p=600||s_star=15||s=30||s_ref=15||df_X=2.5||df_eps=1.5||scale_X=1||scale_eps=1||theta_magnitude=5||eta=0.02||m_min=10||validation_metric=median_abs_prediction_error||n_pilot=2||selection_alpha=1.05||selection_rule=within_1.05_best_then_min_budget||grid_signature=q0p_-0p_-0p_-0p___T1_-_0-_00__T2_-___tail1__alpha_p0_",15,30,15,1,0.2,128,8,2560,640,80,96,7,103,328320,0.964228014899039,TRUE,2.35,20460421,20470421,20480421,NA
"E__linear_s_sweep_n3200_p600_sstar15_s30_h22b3e21d","experiment_id=E2_linear_s_sweep||model=linear||n=3200||p=600||s_star=15||s=30||s_ref=15||df_X=2.5||df_eps=1.5||scale_X=1||scale_eps=1||theta_magnitude=5||eta=0.02||m_min=10||validation_metric=median_abs_prediction_error||n_pilot=2||selection_alpha=1.05||selection_rule=within_1.05_best_then_min_budget||grid_signature=q0p_-0p_-0p_-0p___T1_-_0-_00__T2_-___tail1__alpha_p0_",15,30,15,1,0.25,128,8,2400,800,100,96,7,97,308000,0.973633026395857,TRUE,2.08,20460421,20470421,20480421,NA
"E__linear_s_sweep_n3200_p600_sstar15_s30_h22b3e21d","experiment_id=E2_linear_s_sweep||model=linear||n=3200||p=600||s_star=15||s=30||s_ref=15||df_X=2.5||df_eps=1.5||scale_X=1||scale_eps=1||theta_magnitude=5||eta=0.02||m_min=10||validation_metric=median_abs_prediction_error||n_pilot=2||selection_alpha=1.05||selection_rule=within_1.05_best_then_min_budget||grid_signature=q0p_-0p_-0p_-0p___T1_-_0-_00__T2_-___tail1__alpha_p0_",15,30,15,1,0.5,128,8,1600,1600,200,96,7,65,206400,1.0199284051106,TRUE,1.7,20460421,20470421,20480421,NA
"E__linear_s_sweep_n3200_p600_sstar15_s30_h22b3e21d","experiment_id=E2_linear_s_sweep||model=linear||n=3200||p=600||s_star=15||s=30||s_ref=15||df_X=2.5||df_eps=1.5||scale_X=1||scale_eps=1||theta_magnitude=5||eta=0.02||m_min=10||validation_metric=median_abs_prediction_error||n_pilot=2||selection_alpha=1.05||selection_rule=within_1.05_best_then_min_budget||grid_signature=q0p_-0p_-0p_-0p___T1_-_0-_00__T2_-___tail1__alpha_p0_",15,30,15,1,0.2,150,8,2560,640,80,96,7,121,384640,0.944594207801095,TRUE,2.64,20460421,20470421,20480421,NA
"E__linear_s_sweep_n3200_p600_sstar15_s30_h22b3e21d","experiment_id=E2_linear_s_sweep||model=linear||n=3200||p=600||s_star=15||s=30||s_ref=15||df_X=2.5||df_eps=1.5||scale_X=1||scale_eps=1||theta_magnitude=5||eta=0.02||m_min=10||validation_metric=median_abs_prediction_error||n_pilot=2||selection_alpha=1.05||selection_rule=within_1.05_best_then_min_budget||grid_signature=q0p_-0p_-0p_-0p___T1_-_0-_00__T2_-___tail1__alpha_p0_",15,30,15,1,0.25,150,8,2400,800,100,96,7,113,360800,0.995924755421315,TRUE,2.48,20460421,20470421,20480421,NA
"E__linear_s_sweep_n3200_p600_sstar15_s30_h22b3e21d","experiment_id=E2_linear_s_sweep||model=linear||n=3200||p=600||s_star=15||s=30||s_ref=15||df_X=2.5||df_eps=1.5||scale_X=1||scale_eps=1||theta_magnitude=5||eta=0.02||m_min=10||validation_metric=median_abs_prediction_error||n_pilot=2||selection_alpha=1.05||selection_rule=within_1.05_best_then_min_budget||grid_signature=q0p_-0p_-0p_-0p___T1_-_0-_00__T2_-___tail1__alpha_p0_",15,30,15,1,0.5,150,8,1600,1600,200,96,7,76,241600,0.981320579842956,TRUE,1.97,20460421,20470421,20480421,NA
"E__linear_s_sweep_n3200_p600_sstar15_s30_h22b3e21d","experiment_id=E2_linear_s_sweep||model=linear||n=3200||p=600||s_star=15||s=30||s_ref=15||df_X=2.5||df_eps=1.5||scale_X=1||scale_eps=1||theta_magnitude=5||eta=0.02||m_min=10||validation_metric=median_abs_prediction_error||n_pilot=2||selection_alpha=1.05||selection_rule=within_1.05_best_then_min_budget||grid_signature=q0p_-0p_-0p_-0p___T1_-_0-_00__T2_-___tail1__alpha_p0_",15,30,15,1,0.2,200,8,2560,640,80,96,7,161,512640,0.933020621635568,TRUE,3.46,20460421,20470421,20480421,NA
"E__linear_s_sweep_n3200_p600_sstar15_s30_h22b3e21d","experiment_id=E2_linear_s_sweep||model=linear||n=3200||p=600||s_star=15||s=30||s_ref=15||df_X=2.5||df_eps=1.5||scale_X=1||scale_eps=1||theta_magnitude=5||eta=0.02||m_min=10||validation_metric=median_abs_prediction_error||n_pilot=2||selection_alpha=1.05||selection_rule=within_1.05_best_then_min_budget||grid_signature=q0p_-0p_-0p_-0p___T1_-_0-_00__T2_-___tail1__alpha_p0_",15,30,15,1,0.25,200,8,2400,800,100,96,7,151,480800,0.972657951823106,TRUE,3.18,20460421,20470421,20480421,NA
"E__linear_s_sweep_n3200_p600_sstar15_s30_h22b3e21d","experiment_id=E2_linear_s_sweep||model=linear||n=3200||p=600||s_star=15||s=30||s_ref=15||df_X=2.5||df_eps=1.5||scale_X=1||scale_eps=1||theta_magnitude=5||eta=0.02||m_min=10||validation_metric=median_abs_prediction_error||n_pilot=2||selection_alpha=1.05||selection_rule=within_1.05_best_then_min_budget||grid_signature=q0p_-0p_-0p_-0p___T1_-_0-_00__T2_-___tail1__alpha_p0_",15,30,15,1,0.5,200,8,1600,1600,200,96,7,101,321600,0.974985855723205,TRUE,2.64,20460421,20470421,20480421,NA
"E__linear_s_sweep_n3200_p600_sstar15_s30_h22b3e21d","experiment_id=E2_linear_s_sweep||model=linear||n=3200||p=600||s_star=15||s=30||s_ref=15||df_X=2.5||df_eps=1.5||scale_X=1||scale_eps=1||theta_magnitude=5||eta=0.02||m_min=10||validation_metric=median_abs_prediction_error||n_pilot=2||selection_alpha=1.05||selection_rule=within_1.05_best_then_min_budget||grid_signature=q0p_-0p_-0p_-0p___T1_-_0-_00__T2_-___tail1__alpha_p0_",15,30,15,1,0.5,128,12,1600,1600,133,96,7,65,206396,0.964629606160118,TRUE,1.77,20460421,20470421,20480421,NA
"E__linear_s_sweep_n3200_p600_sstar15_s30_h22b3e21d","experiment_id=E2_linear_s_sweep||model=linear||n=3200||p=600||s_star=15||s=30||s_ref=15||df_X=2.5||df_eps=1.5||scale_X=1||scale_eps=1||theta_magnitude=5||eta=0.02||m_min=10||validation_metric=median_abs_prediction_error||n_pilot=2||selection_alpha=1.05||selection_rule=within_1.05_best_then_min_budget||grid_signature=q0p_-0p_-0p_-0p___T1_-_0-_00__T2_-___tail1__alpha_p0_",15,30,15,1,0.5,150,12,1600,1600,133,96,7,76,241596,0.923060477419249,TRUE,1.97,20460421,20470421,20480421,NA
"E__linear_s_sweep_n3200_p600_sstar15_s30_h22b3e21d","experiment_id=E2_linear_s_sweep||model=linear||n=3200||p=600||s_star=15||s=30||s_ref=15||df_X=2.5||df_eps=1.5||scale_X=1||scale_eps=1||theta_magnitude=5||eta=0.02||m_min=10||validation_metric=median_abs_prediction_error||n_pilot=2||selection_alpha=1.05||selection_rule=within_1.05_best_then_min_budget||grid_signature=q0p_-0p_-0p_-0p___T1_-_0-_00__T2_-___tail1__alpha_p0_",15,30,15,1,0.5,200,12,1600,1600,133,96,7,101,321596,0.934377537858469,TRUE,2.72,20460421,20470421,20480421,NA
"E__linear_s_sweep_n3200_p600_sstar15_s30_h22b3e21d","experiment_id=E2_linear_s_sweep||model=linear||n=3200||p=600||s_star=15||s=30||s_ref=15||df_X=2.5||df_eps=1.5||scale_X=1||scale_eps=1||theta_magnitude=5||eta=0.02||m_min=10||validation_metric=median_abs_prediction_error||n_pilot=2||selection_alpha=1.05||selection_rule=within_1.05_best_then_min_budget||grid_signature=q0p_-0p_-0p_-0p___T1_-_0-_00__T2_-___tail1__alpha_p0_",15,30,15,2,0.2,128,8,2560,640,80,96,7,103,328320,0.957501607122432,TRUE,2.34,20460422,20470422,20480422,NA
"E__linear_s_sweep_n3200_p600_sstar15_s30_h22b3e21d","experiment_id=E2_linear_s_sweep||model=linear||n=3200||p=600||s_star=15||s=30||s_ref=15||df_X=2.5||df_eps=1.5||scale_X=1||scale_eps=1||theta_magnitude=5||eta=0.02||m_min=10||validation_metric=median_abs_prediction_error||n_pilot=2||selection_alpha=1.05||selection_rule=within_1.05_best_then_min_budget||grid_signature=q0p_-0p_-0p_-0p___T1_-_0-_00__T2_-___tail1__alpha_p0_",15,30,15,2,0.25,128,8,2400,800,100,96,7,97,308000,0.931448075658324,TRUE,2.09,20460422,20470422,20480422,NA
"E__linear_s_sweep_n3200_p600_sstar15_s30_h22b3e21d","experiment_id=E2_linear_s_sweep||model=linear||n=3200||p=600||s_star=15||s=30||s_ref=15||df_X=2.5||df_eps=1.5||scale_X=1||scale_eps=1||theta_magnitude=5||eta=0.02||m_min=10||validation_metric=median_abs_prediction_error||n_pilot=2||selection_alpha=1.05||selection_rule=within_1.05_best_then_min_budget||grid_signature=q0p_-0p_-0p_-0p___T1_-_0-_00__T2_-___tail1__alpha_p0_",15,30,15,2,0.5,128,8,1600,1600,200,96,7,65,206400,0.999890767143903,TRUE,1.69,20460422,20470422,20480422,NA
"E__linear_s_sweep_n3200_p600_sstar15_s30_h22b3e21d","experiment_id=E2_linear_s_sweep||model=linear||n=3200||p=600||s_star=15||s=30||s_ref=15||df_X=2.5||df_eps=1.5||scale_X=1||scale_eps=1||theta_magnitude=5||eta=0.02||m_min=10||validation_metric=median_abs_prediction_error||n_pilot=2||selection_alpha=1.05||selection_rule=within_1.05_best_then_min_budget||grid_signature=q0p_-0p_-0p_-0p___T1_-_0-_00__T2_-___tail1__alpha_p0_",15,30,15,2,0.2,150,8,2560,640,80,96,7,121,384640,0.962604713816221,TRUE,2.64,20460422,20470422,20480422,NA
"E__linear_s_sweep_n3200_p600_sstar15_s30_h22b3e21d","experiment_id=E2_linear_s_sweep||model=linear||n=3200||p=600||s_star=15||s=30||s_ref=15||df_X=2.5||df_eps=1.5||scale_X=1||scale_eps=1||theta_magnitude=5||eta=0.02||m_min=10||validation_metric=median_abs_prediction_error||n_pilot=2||selection_alpha=1.05||selection_rule=within_1.05_best_then_min_budget||grid_signature=q0p_-0p_-0p_-0p___T1_-_0-_00__T2_-___tail1__alpha_p0_",15,30,15,2,0.25,150,8,2400,800,100,96,7,113,360800,0.94718669227959,TRUE,2.47,20460422,20470422,20480422,NA
"E__linear_s_sweep_n3200_p600_sstar15_s30_h22b3e21d","experiment_id=E2_linear_s_sweep||model=linear||n=3200||p=600||s_star=15||s=30||s_ref=15||df_X=2.5||df_eps=1.5||scale_X=1||scale_eps=1||theta_magnitude=5||eta=0.02||m_min=10||validation_metric=median_abs_prediction_error||n_pilot=2||selection_alpha=1.05||selection_rule=within_1.05_best_then_min_budget||grid_signature=q0p_-0p_-0p_-0p___T1_-_0-_00__T2_-___tail1__alpha_p0_",15,30,15,2,0.5,150,8,1600,1600,200,96,7,76,241600,0.963434572112976,TRUE,1.95,20460422,20470422,20480422,NA
"E__linear_s_sweep_n3200_p600_sstar15_s30_h22b3e21d","experiment_id=E2_linear_s_sweep||model=linear||n=3200||p=600||s_star=15||s=30||s_ref=15||df_X=2.5||df_eps=1.5||scale_X=1||scale_eps=1||theta_magnitude=5||eta=0.02||m_min=10||validation_metric=median_abs_prediction_error||n_pilot=2||selection_alpha=1.05||selection_rule=within_1.05_best_then_min_budget||grid_signature=q0p_-0p_-0p_-0p___T1_-_0-_00__T2_-___tail1__alpha_p0_",15,30,15,2,0.2,200,8,2560,640,80,96,7,161,512640,0.969056864333601,TRUE,3.46,20460422,20470422,20480422,NA
"E__linear_s_sweep_n3200_p600_sstar15_s30_h22b3e21d","experiment_id=E2_linear_s_sweep||model=linear||n=3200||p=600||s_star=15||s=30||s_ref=15||df_X=2.5||df_eps=1.5||scale_X=1||scale_eps=1||theta_magnitude=5||eta=0.02||m_min=10||validation_metric=median_abs_prediction_error||n_pilot=2||selection_alpha=1.05||selection_rule=within_1.05_best_then_min_budget||grid_signature=q0p_-0p_-0p_-0p___T1_-_0-_00__T2_-___tail1__alpha_p0_",15,30,15,2,0.25,200,8,2400,800,100,96,7,151,480800,0.967230572033496,TRUE,3.2,20460422,20470422,20480422,NA
"E__linear_s_sweep_n3200_p600_sstar15_s30_h22b3e21d","experiment_id=E2_linear_s_sweep||model=linear||n=3200||p=600||s_star=15||s=30||s_ref=15||df_X=2.5||df_eps=1.5||scale_X=1||scale_eps=1||theta_magnitude=5||eta=0.02||m_min=10||validation_metric=median_abs_prediction_error||n_pilot=2||selection_alpha=1.05||selection_rule=within_1.05_best_then_min_budget||grid_signature=q0p_-0p_-0p_-0p___T1_-_0-_00__T2_-___tail1__alpha_p0_",15,30,15,2,0.5,200,8,1600,1600,200,96,7,101,321600,0.949795165394704,TRUE,2.61,20460422,20470422,20480422,NA
"E__linear_s_sweep_n3200_p600_sstar15_s30_h22b3e21d","experiment_id=E2_linear_s_sweep||model=linear||n=3200||p=600||s_star=15||s=30||s_ref=15||df_X=2.5||df_eps=1.5||scale_X=1||scale_eps=1||theta_magnitude=5||eta=0.02||m_min=10||validation_metric=median_abs_prediction_error||n_pilot=2||selection_alpha=1.05||selection_rule=within_1.05_best_then_min_budget||grid_signature=q0p_-0p_-0p_-0p___T1_-_0-_00__T2_-___tail1__alpha_p0_",15,30,15,2,0.5,128,12,1600,1600,133,96,7,65,206396,0.990449481992734,TRUE,1.74,20460422,20470422,20480422,NA
"E__linear_s_sweep_n3200_p600_sstar15_s30_h22b3e21d","experiment_id=E2_linear_s_sweep||model=linear||n=3200||p=600||s_star=15||s=30||s_ref=15||df_X=2.5||df_eps=1.5||scale_X=1||scale_eps=1||theta_magnitude=5||eta=0.02||m_min=10||validation_metric=median_abs_prediction_error||n_pilot=2||selection_alpha=1.05||selection_rule=within_1.05_best_then_min_budget||grid_signature=q0p_-0p_-0p_-0p___T1_-_0-_00__T2_-___tail1__alpha_p0_",15,30,15,2,0.5,150,12,1600,1600,133,96,7,76,241596,0.96004816312221,TRUE,2,20460422,20470422,20480422,NA
"E__linear_s_sweep_n3200_p600_sstar15_s30_h22b3e21d","experiment_id=E2_linear_s_sweep||model=linear||n=3200||p=600||s_star=15||s=30||s_ref=15||df_X=2.5||df_eps=1.5||scale_X=1||scale_eps=1||theta_magnitude=5||eta=0.02||m_min=10||validation_metric=median_abs_prediction_error||n_pilot=2||selection_alpha=1.05||selection_rule=within_1.05_best_then_min_budget||grid_signature=q0p_-0p_-0p_-0p___T1_-_0-_00__T2_-___tail1__alpha_p0_",15,30,15,2,0.5,200,12,1600,1600,133,96,7,101,321596,0.931214764786552,TRUE,2.64,20460422,20470422,20480422,NA
